Date,Open,High,Low,Close,Volume,MA9,MA21,uptrend,downtrend,upcross,downcross
2025-08-31 00:00:00+00:00,108818.4609375,109491.0,108104.65625,108236.7109375,47986191770,,,0,0,,
2025-09-01 00:00:00+00:00,108228.75,109890.5859375,107271.1796875,109250.59375,66870372995,,,0,0,,
2025-09-02 00:00:00+00:00,109243.0703125,111748.015625,108454.03125,111200.5859375,74776999491,,,0,0,,
2025-09-03 00:00:00+00:00,111190.6953125,112600.2265625,110582.9609375,111723.2109375,61119643565,,,0,0,,
2025-09-04 00:00:00+00:00,111718.1484375,112208.328125,109347.2265625,110723.6015625,60131132901,,,0,0,,
2025-09-05 00:00:00+00:00,110723.015625,113357.4921875,110233.3984375,110650.984375,60241647677,,,0,0,,
2025-09-06 00:00:00+00:00,110650.5703125,111275.015625,110024.0859375,110224.6953125,21500719036,,,0,0,,
2025-09-07 00:00:00+00:00,110221.328125,111591.078125,110211.625,111167.6171875,24618007520,,,0,0,,
2025-09-08 00:00:00+00:00,111163.015625,112869.234375,110630.609375,112071.4296875,40212813407,110583.26996527778,,0,0,,
2025-09-09 00:00:00+00:00,112077.578125,113225.4375,110776.703125,111530.546875,45984480722,110949.25173611111,,0,0,,
2025-09-10 00:00:00+00:00,111531.25,114275.25,110940.078125,113955.359375,56377473784,111472.00347222222,,0,0,,
2025-09-11 00:00:00+00:00,113961.4296875,115522.546875,113453.8359375,115507.5390625,45685065332,111950.55381944444,,0,0,,
2025-09-12 00:00:00+00:00,115507.7890625,116769.3828125,114794.484375,116101.578125,54785725894,112437.0390625,,0,0,,
2025-09-13 00:00:00+00:00,116093.5625,116334.6328125,115248.2734375,115950.5078125,34549454947,113017.80642361111,,0,0,,
2025-09-14 00:00:00+00:00,115950.2890625,116181.5,115222.3984375,115407.65625,32798036057,113546.32552083333,,0,0,,
2025-09-15 00:00:00+00:00,115399.6328125,116747.8828125,114461.0625,115444.875,52937859416,114126.34548611111,,0,0,,
2025-09-16 00:00:00+00:00,115423.7578125,117005.2734375,114813.09375,116843.1875,45781744593,114756.96440972222,,0,0,,
2025-09-17 00:00:00+00:00,116840.5078125,117328.609375,114794.9765625,116468.5078125,60528025996,115245.52864583333,,0,0,,
2025-09-18 00:00:00+00:00,116461.265625,117911.7890625,116188.796875,117137.203125,49457272032,115868.49045138889,,0,0,,
2025-09-19 00:00:00+00:00,117137.671875,117479.7578125,115141.8203125,115688.859375,38828473971,116061.1015625,,0,0,,
2025-09-20 00:00:00+00:00,115691.125,116191.1484375,115473.5234375,115721.9609375,22864449614,116084.92621527778,113381.29575892857,1,0,115721.9609375,
2025-09-21 00:00:00+00:00,115730.2265625,115901.0859375,115252.578125,115306.09375,22495852193,115996.5390625,113717.93303571429,1,0,,
2025-09-22 00:00:00+00:00,115309.21875,115431.3125,112037.6484375,112748.5078125,70684158591,115640.76128472222,113884.50037202382,0,1,,112748.5078125
2025-09-23 00:00:00+00:00,112757.4765625,113351.9140625,111535.5703125,112014.5,47211853279,115263.74392361111,113923.25818452382,0,1,,
2025-09-24 00:00:00+00:00,112007.6640625,113986.2734375,111229.640625,113328.6328125,48044595085,115028.60590277778,113999.70684523809,0,1,,
2025-09-25 00:00:00+00:00,113330.1640625,113541.0859375,108713.3984375,109049.2890625,75528654284,114162.6171875,113919.97767857143,0,1,,
2025-09-26 00:00:00+00:00,109041.296875,110359.1953125,108728.9765625,109712.828125,57738288949,113411.98611111111,113875.30357142857,0,1,,
2025-09-27 00:00:00+00:00,109707.140625,109778.5,109144.296875,109681.9453125,26308042910,112583.62413194444,113849.45833333333,0,1,,
2025-09-28 00:00:00+00:00,109681.9453125,112375.484375,109236.9453125,112122.640625,33371048505,112187.37760416667,113894.93563988095,0,1,,
2025-09-29 00:00:00+00:00,112117.875,114473.5703125,111589.953125,114400.3828125,60000147466,112040.53559027778,114005.83816964286,1,0,114400.3828125,
2025-09-30 00:00:00+00:00,114396.5234375,114836.6171875,112740.5625,114056.0859375,58986330258,111901.64583333333,114126.10193452382,0,1,,114056.0859375
2025-10-01 00:00:00+00:00,114057.59375,118648.9296875,113981.3984375,118648.9296875,71328680132,112557.24826388889,114349.60528273809,1,0,118648.9296875,
2025-10-02 00:00:00+00:00,118652.3828125,121086.40625,118383.15625,120681.2578125,71415163912,113520.22135416667,114595.97284226191,1,0,,
2025-10-03 00:00:00+00:00,120656.984375,123944.703125,119344.3125,122266.53125,83941392228,114513.32118055556,114889.54203869047,1,0,,
2025-10-04 00:00:00+00:00,122267.46875,122857.640625,121577.5703125,122425.4296875,36769171735,115999.55902777778,115197.87165178571,1,0,,
2025-10-05 00:00:00+00:00,122419.671875,125559.2109375,122191.9609375,123513.4765625,73689317763,117532.96440972222,115583.86309523809,1,0,,
2025-10-06 00:00:00+00:00,123510.453125,126198.0703125,123196.046875,124752.53125,72568881188,119207.47395833333,116027.08482142857,1,0,,
2025-10-07 00:00:00+00:00,124752.140625,125184.0234375,120681.96875,121451.3828125,76149412513,120244.00086805556,116246.52269345238,1,0,,
2025-10-08 00:00:00+00:00,121448.3515625,124167.09375,121119.1796875,123354.8671875,65354305286,121238.94357638889,116574.44456845238,1,0,,
2025-10-09 00:00:00+00:00,123337.0703125,123739.34375,119812.03125,121705.5859375,74653009425,122088.88802083333,116791.98660714286,1,0,,
2025-10-10 00:00:00+00:00,121704.7421875,122509.6640625,104582.4140625,113214.3671875,153125018868,121485.04774305556,116674.15364583333,0,1,,113214.3671875
2025-10-11 00:00:00+00:00,113236.4296875,113429.7265625,109760.5625,110807.8828125,110236934340,120388.00607638889,116440.14992559524,0,1,,
2025-10-12 00:00:00+00:00,110811.515625,115805.0625,109715.5390625,115169.765625,93710414091,119599.4765625,116433.65811011905,0,1,,
2025-10-13 00:00:00+00:00,115161.6796875,116020.484375,113821.1875,115271.078125,71582026739,118804.54861111111,116553.78050595238,0,1,,
2025-10-14 00:00:00+00:00,115264.8828125,115502.8828125,110029.484375,113118.6640625,92212917403,117649.56944444444,116606.35974702382,0,1,,
2025-10-15 00:00:00+00:00,113113.96875,113622.3828125,110235.8359375,110783.1640625,72574132855,116097.41753472222,116485.14694940476,0,1,,
2025-10-16 00:00:00+00:00,110782.171875,111990.8125,107537.03125,108186.0390625,87306423067,114623.49045138889,116444.03980654762,0,1,,
2025-10-17 00:00:00+00:00,108179.1328125,109235.8046875,103598.4296875,106467.7890625,99703051669,112747.1484375,116289.51413690476,0,1,,
2025-10-18 00:00:00+00:00,106483.734375,107490.984375,106387.453125,107198.265625,37779905278,111135.22395833333,116171.24367559524,0,1,,
2025-10-19 00:00:00+00:00,107204.3125,109488.9921875,106157.7890625,108666.7109375,47657008953,110629.92881944444,116006.67559523809,0,1,,
2025-10-20 00:00:00+00:00,108667.4453125,111711.03125,107485.015625,110588.9296875,63507793085,110605.60069444444,115825.17782738095,0,1,,
2025-10-21 00:00:00+00:00,110587.6328125,113996.34375,107534.75,108476.890625,101194375480,109861.94791666667,115559.50186011905,0,1,,
2025-10-22 00:00:00+00:00,108491.53125,109115.1328125,106778.0,107688.5859375,80807013218,109019.44878472222,115037.58072916667,0,1,,
2025-10-23 00:00:00+00:00,107679.4375,111288.59375,107548.4296875,110069.7265625,54944076060,108680.67795138889,114532.26971726191,0,1,,
2025-10-24 00:00:00+00:00,110069.3515625,111842.53125,109770.1484375,111033.921875,48160816980,108708.53993055556,113997.38355654762,0,1,,
2025-10-25 00:00:00+00:00,111032.6171875,111947.703125,110704.40625,111641.7265625,24707667305,109092.50520833333,113483.87388392857,0,1,,
2025-10-26 00:00:00+00:00,111639.0546875,115260.90625,111268.484375,114472.4453125,41708524143,109981.91145833333,113053.34858630953,1,0,114472.4453125,
2025-10-27 00:00:00+00:00,114479.8515625,116273.3125,113882.2890625,114119.328125,61761358733,110750.91840277778,112547.00558035714,1,0,,
2025-10-28 00:00:00+00:00,114129.0859375,116078.984375,112291.6796875,112956.1640625,64528066504,111227.52430555556,112142.47135416667,1,0,,
2025-10-29 00:00:00+00:00,112921.328125,113642.7265625,109368.71875,110055.3046875,62192043469,111168.23263888889,111509.15885416667,0,1,,110055.3046875
2025-10-30 00:00:00+00:00,110059.1953125,111612.3515625,106376.6875,108305.546875,69673964814,111149.19444444444,110871.06175595238,0,1,,
2025-10-31 00:00:00+00:00,108304.4140625,111031.8203125,108288.2734375,109556.1640625,60090359560,111356.703125,110696.86160714286,0,1,,
2025-11-01 00:00:00+00:00,109558.625,110574.8984375,109372.953125,110064.015625,25871668762,111356.06857638889,110661.43936011905,0,1,,
2025-11-02 00:00:00+00:00,110064.4296875,111167.3125,109523.453125,110639.625,34284209459,111312.2578125,110445.71837797618,1,0,110639.625,
2025-11-03 00:00:00+00:00,110646.90625,110764.9140625,105336.359375,106547.5234375,72852006359,110746.23524305556,110030.31101190476,0,1,,106547.5234375
2025-11-04 00:00:00+00:00,106541.421875,107264.8828125,98962.0625,101590.5234375,110967184773,109314.91059027778,109481.35193452382,0,1,,
2025-11-05 00:00:00+00:00,101579.234375,104534.703125,98989.9140625,103891.8359375,77584934804,108178.52256944444,109153.19345238095,0,1,,
2025-11-06 00:00:00+00:00,103893.6640625,104147.3046875,100336.8671875,101301.2890625,63932752861,106883.53645833333,108825.34821428571,0,1,,
2025-11-07 00:00:00+00:00,101286.2421875,104052.9140625,99257.0546875,103372.40625,92168030081,106140.9921875,108677.94903273809,0,1,,
2025-11-08 00:00:00+00:00,103371.703125,103373.5625,101458.0390625,102282.1171875,51446691095,105471.72222222222,108443.84672619047,0,1,,
2025-11-09 00:00:00+00:00,102278.984375,105418.3671875,101468.875,104719.640625,59679243013,104934.33072916667,108255.89099702382,0,1,,
2025-11-10 00:00:00+00:00,104723.7734375,106564.6953125,104350.6484375,105996.59375,69585887229,104482.39496527778,108037.20833333333,0,1,,
2025-11-11 00:00:00+00:00,105996.859375,107428.2578125,102457.328125,102997.46875,71130078574,103633.26649305556,107776.28348214286,0,1,,
2025-11-12 00:00:00+00:00,103011.4375,105297.234375,100836.6171875,101663.1875,64347179408,103090.5625,107489.35974702382,0,1,,
2025-11-13 00:00:00+00:00,101674.1484375,104005.4921875,97988.71875,99697.4921875,101546815416,102880.22569444444,106995.44382440476,0,1,,
2025-11-14 00:00:00+00:00,99694.703125,99804.4296875,94000.734375,94397.7890625,114346441890,101825.33159722222,106203.24702380953,0,1,,
2025-11-15 00:00:00+00:00,94420.46875,96728.46875,94420.46875,95549.1484375,38500716654,101186.20486111111,105436.93377976191,0,1,,
2025-11-16 00:00:00+00:00,95556.8671875,96564.1875,92971.1640625,94177.078125,71086235862,100164.50173611111,104470.48772321429,0,1,,
2025-11-17 00:00:00+00:00,94180.875,95928.3671875,91214.7578125,92093.875,94186165724,99032.47482638889,103421.65662202382,0,1,,
2025-11-18 00:00:00+00:00,92094.53125,93745.078125,89300.4609375,92948.875,101333569062,97724.61197916667,102468.92857142857,0,1,,
2025-11-19 00:00:00+00:00,92946.1640625,92946.1640625,88526.828125,91465.9921875,80350354656,96110.10069444444,101583.72321428571,0,1,,
2025-11-20 00:00:00+00:00,91459.3515625,93025.0703125,86040.796875,86631.8984375,97970645638,94291.70399305556,100551.64471726191,0,1,,
2025-11-21 00:00:00+00:00,86528.7734375,87380.8046875,80659.8125,85090.6875,129157506112,92450.31510416667,99386.62202380953,0,1,,
2025-11-22 00:00:00+00:00,85098.5625,85503.0078125,83490.8984375,84648.359375,40793099246,90778.18923611111,98176.35267857143,0,1,,
2025-11-23 00:00:00+00:00,84648.609375,88038.46875,84641.7734375,86805.0078125,58083435576,89934.546875,97041.37090773809,0,1,,
2025-11-24 00:00:00+00:00,86798.7734375,89206.3359375,85272.1953125,88270.5625,74433896110,89125.81510416667,96171.03943452382,0,1,,
2025-11-25 00:00:00+00:00,88269.9609375,88457.3359375,86131.4296875,87341.890625,64837343545,88366.34982638889,95492.53311011905,0,1,,
2025-11-26 00:00:00+00:00,87345.5859375,90581.15625,86316.8984375,90518.3671875,66496301869,88191.29340277778,94855.70126488095,0,1,,
2025-11-27 00:00:00+00:00,90517.765625,91897.578125,90089.515625,91285.375,57040622845,88006.46006944444,94378.75297619047,0,1,,
2025-11-28 00:00:00+00:00,91285.3828125,92969.0859375,90257.1171875,90919.265625,60895830289,87945.71267361111,93785.74627976191,0,1,,
2025-11-29 00:00:00+00:00,90918.7421875,91187.6171875,90260.1875,90851.7578125,37921773455,88414.5859375,93241.44345238095,0,1,,
2025-11-30 00:00:00+00:00,90838.2109375,91965.046875,90394.3125,90394.3125,38497902869,89003.87760416667,92559.28497023809,0,1,,
2025-12-01 00:00:00+00:00,90389.109375,90398.15625,83862.25,86321.5703125,87962894424,89189.78993055556,91622.37909226191,0,1,,
2025-12-02 00:00:00+00:00,86322.5390625,92316.6328125,86202.1953125,91350.203125,78546798211,89694.81163194444,91067.74739583333,1,0,91350.203125,
2025-12-03 00:00:00+00:00,91345.09375,94060.7734375,91056.390625,93527.8046875,77650204986,90278.94965277778,90680.34821428571,1,0,,
2025-12-04 00:00:00+00:00,93454.2578125,94038.2421875,90976.1015625,92141.625,64538402681,90812.25347222222,90320.54501488095,1,0,,
2025-12-05 00:00:00+00:00,92133.6484375,92702.640625,88152.140625,89387.7578125,63256398633,90686.63020833333,90081.97209821429,0,1,,89387.7578125
2025-12-06 00:00:00+00:00,89389.359375,90267.4609375,88951.6640625,89272.375,37994042405,90462.96354166667,89783.078125,0,1,,
2025-12-07 00:00:00+00:00,89277.8125,91740.84375,87799.5625,90405.640625,47394898960,90405.89409722222,89603.48586309524,1,0,90405.640625,
2025-12-08 00:00:00+00:00,90424.5859375,92267.1171875,89644.890625,90640.203125,57394099056,90382.38802083333,89534.26339285714,1,0,,
2025-12-09 00:00:00+00:00,90639.703125,94601.5703125,89586.9765625,92691.7109375,66861721440,90637.65451388889,89522.01748511905,1,0,,
2025-12-10 00:00:00+00:00,92695.234375,94477.15625,91640.1328125,92020.9453125,65420694513,91270.91840277778,89548.44382440476,1,0,,
2025-12-11 00:00:00+00:00,92011.3046875,93554.265625,89335.296875,92511.3359375,64532834621,91399.93315972222,89828.41703869047,1,0,,
2025-12-12 00:00:00+00:00,92513.6640625,92747.9296875,89532.6015625,90270.4140625,80275884583,91038.00086805556,90075.07068452382,1,0,,
2025-12-13 00:00:00+00:00,90257.796875,90647.5703125,89800.9921875,90298.7109375,64237748110,90833.23263888889,90344.13504464286,0,1,,90298.7109375
2025-12-14 00:00:00+00:00,90296.4375,90498.109375,87634.9375,88175.1796875,50465972205,90698.50173611111,90409.38132440476,0,1,,
2025-12-15 00:00:00+00:00,88171.078125,89983.921875,85304.078125,86419.78125,45559514323,90381.546875,90321.24888392857,0,1,,
2025-12-16 00:00:00+00:00,86424.40625,88170.09375,85381.6875,87843.984375,41262178223,90096.91840277778,90345.15811011905,0,1,,
2025-12-17 00:00:00+00:00,87847.6171875,90264.5703125,85316.265625,86143.7578125,44243392914,89597.31336805556,90136.84337797618,0,1,,
2025-12-18 00:00:00+00:00,86144.3671875,89412.6640625,84436.3125,85462.5078125,52667115348,88794.06857638889,89859.56398809524,0,1,,
2025-12-19 00:00:00+00:00,85476.1328125,89339.1171875,85107.6640625,88103.3828125,46733310561,88358.78385416667,89725.47433035714,0,1,,
2025-12-20 00:00:00+00:00,88101.671875,88497.203125,87924.875,88344.0,14688196659,87895.74652777778,89606.05729166667,0,1,,
2025-12-21 00:00:00+00:00,88344.703125,89027.953125,87613.203125,88621.75,19845522660,87712.56163194444,89521.64955357143,0,1,,
2025-12-22 00:00:00+00:00,88621.3984375,90501.9296875,87908.0703125,88490.015625,38047472118,87511.59548611111,89624.90885416667,0,1,,
2025-12-23 00:00:00+00:00,88490.03125,88898.3828125,86606.9765625,87414.0,43683011533,87427.01996527778,89437.47061011905,0,1,,
2025-12-24 00:00:00+00:00,87404.3203125,87956.8828125,86411.796875,87611.9609375,25550297986,87559.484375,89155.76376488095,0,1,,
2025-12-25 00:00:00+00:00,87608.3203125,88501.7890625,86949.2578125,87234.7421875,19953216347,87491.79079861111,88922.10267857143,0,1,,
2025-12-26 00:00:00+00:00,87235.5078125,89459.4296875,86628.140625,87301.4296875,42455674908,87620.42100694444,88822.75372023809,0,1,,
2025-12-27 00:00:00+00:00,87301.4296875,87874.78125,87182.9765625,87802.15625,13741199310,87880.38194444444,88752.74330357143,0,1,,
2025-12-28 00:00:00+00:00,87799.34375,87986.890625,87394.953125,87835.8359375,15156557929,87850.65451388889,88630.37165178571,0,1,,
2025-12-29 00:00:00+00:00,87835.7890625,90299.15625,86717.9140625,87138.140625,48411625849,87716.67013888889,88463.60677083333,0,1,,
2025-12-30 00:00:00+00:00,87134.3515625,89297.9375,86735.546875,88430.1328125,35586356225,87695.37934027778,88260.67447916667,1,0,88430.1328125,
2025-12-31 00:00:00+00:00,88429.5859375,89080.2890625,87130.5625,87508.828125,33830210616,87586.35850694444,88045.81175595238,0,1,,87508.828125
2026-01-01 00:00:00+00:00,87508.046875,88803.2265625,87399.40625,88731.984375,18849043990,87732.80121527778,87865.84263392857,1,0,88731.984375,
2026-01-02 00:00:00+00:00,88733.0625,90884.4609375,88298.6171875,89944.6953125,46398906171,87991.99392361111,87850.33221726191,1,0,,
2026-01-03 00:00:00+00:00,89945.0546875,90679.5703125,89328.0703125,90603.1875,20774828592,88366.265625,87864.83110119047,1,0,,
2026-01-04 00:00:00+00:00,90603.0,91712.5859375,90595.1015625,91413.4921875,26770491368,88823.16145833333,88019.03645833333,1,0,,
2026-01-05 00:00:00+00:00,91414.625,94762.0703125,91414.625,93882.5546875,53376407252,89498.76128472222,88374.40662202382,1,0,,
2026-01-06 00:00:00+00:00,93876.9453125,94395.296875,91286.546875,93729.03125,52430605257,90153.56076388889,88654.64694940476,1,0,,
2026-01-07 00:00:00+00:00,93727.46875,93738.7890625,90601.8046875,91308.0546875,43461295053,90616.88454861111,88900.56584821429,1,0,,
2026-01-08 00:00:00+00:00,91309.640625,91485.8515625,89233.875,91027.125,42386697030,90905.43923611111,89165.54761904762,1,0,,
2026-01-09 00:00:00+00:00,91026.2734375,91910.671875,89625.3828125,90513.1015625,38305906684,91239.24739583333,89280.29613095238,1,0,,
2026-01-10 00:00:00+00:00,90510.1015625,90713.03125,90283.3984375,90386.6484375,12385895282,91423.09895833333,89377.56510416667,1,0,,
2026-01-11 00:00:00+00:00,90385.359375,91155.2265625,90212.0234375,90827.4609375,17165568977,91521.18402777778,89482.59895833333,1,0,,
2026-01-12 00:00:00+00:00,90825.859375,92395.5234375,90055.0234375,91192.9921875,41346275358,91586.71788194444,89611.31212797618,1,0,,
2026-01-13 00:00:00+00:00,91185.3359375,96011.625,90941.9296875,95321.78125,54980674354,92020.97222222222,89987.87313988095,1,0,,
2026-01-14 00:00:00+00:00,95322.90625,97860.6015625,94583.046875,96929.328125,60592490863,92359.50260416667,90431.55729166667,1,0,,
2026-01-15 00:00:00+00:00,96931.2890625,97150.171875,95103.2421875,95551.1875,53086363027,92561.96440972222,90827.57849702382,1,0,,
2026-01-16 00:00:00+00:00,95554.1015625,95801.890625,94259.2734375,95525.1171875,33248170537,93030.52690972222,91219.18266369047,1,0,,
2026-01-17 00:00:00+00:00,95525.15625,95598.4765625,95005.6171875,95099.921875,16021715122,93483.05989583333,91566.6953125,1,0,,
2026-01-18 00:00:00+00:00,95101.1796875,95491.5078125,93588.8671875,93634.4296875,20809781232,93829.87413194444,91842.81882440476,1,0,,
2026-01-19 00:00:00+00:00,93655.671875,93660.828125,92089.25,92553.59375,39195241508,94070.64583333333,92100.69754464286,1,0,,
2026-01-20 00:00:00+00:00,92553.6015625,92798.4296875,87814.9296875,88310.90625,53072968031,93791.02864583333,92095.02008928571,0,1,,88310.90625
2026-01-21 00:00:00+00:00,88326.5078125,90430.40625,87231.5703125,89376.9609375,56330422434,93589.24739583333,92183.97879464286,0,1,,
2026-01-22 00:00:00+00:00,89378.5234375,90258.9609375,88438.4453125,89462.453125,35549685694,92938.2109375,92218.76302083333,0,1,,
2026-01-23 00:00:00+00:00,89462.046875,91100.25,88486.359375,89503.875,38997586037,92113.16059027778,92197.77157738095,0,1,,
2026-01-24 00:00:00+00:00,89506.1484375,89811.609375,89044.2890625,89110.734375,14558687712,91397.5546875,92126.70238095238,0,1,,
2026-01-25 00:00:00+00:00,89104.765625,89193.1484375,86003.7109375,86572.21875,36124986722,90402.78819444444,91896.16555059524,0,1,,
2026-01-26 00:00:00+00:00,86566.5234375,88743.0703125,86429.2890625,88267.140625,45329286974,89643.59027777778,91628.76488095238,0,1,,
2026-01-27 00:00:00+00:00,88257.4765625,89427.125,87228.921875,89102.5703125,38744942267,89140.05034722222,91408.45721726191,0,1,,
2026-01-28 00:00:00+00:00,89104.046875,90439.2890625,88721.4609375,89184.5703125,39807419296,88765.71440972222,91307.33891369047,0,1,,
2026-01-29 00:00:00+00:00,89169.8515625,89200.78125,83250.6015625,84561.5859375,64653083162,88349.12326388889,90999.45610119047,0,1,,
2026-01-30 00:00:00+00:00,84562.7265625,84602.1640625,81071.4765625,84128.65625,72083816087,87765.97829861111,90695.43489583333,0,1,,
2026-01-31 00:00:00+00:00,84126.5,84136.921875,75815.8828125,78621.1171875,70479259159,86561.38541666667,90135.17150297618,0,1,,
2026-02-01 00:00:00+00:00,78626.125,79322.609375,75698.8984375,76974.4453125,53372509744,85169.2265625,89475.50409226191,0,1,,
2026-02-02 00:00:00+00:00,76968.875,79258.609375,74551.3359375,78688.765625,75140589684,84011.23003472222,88880.06473214286,0,1,,
2026-02-03 00:00:00+00:00,78693.5078125,79118.8515625,72897.140625,75633.546875,68249110822,82795.82204861111,87942.52976190476,0,1,,
2026-02-04 00:00:00+00:00,75640.09375,76864.65625,71779.9296875,73019.703125,67215363944,81101.66232638889,86803.97619047618,0,1,,
2026-02-05 00:00:00+00:00,73016.375,73161.5546875,62353.53515625,62702.09765625,125509410908,78168.27647569444,85239.73381696429,0,1,,
2026-02-06 00:00:00+00:00,62704.453125,71681.3046875,60074.203125,70555.390625,114674259489,76098.36762152778,84050.69921875,0,1,,
2026-02-07 00:00:00+00:00,70553.796875,71611.1484375,67364.4453125,69281.96875,62347107663,74400.63237847222,82821.27287946429,0,1,,
2026-02-08 00:00:00+00:00,69283.7265625,72206.90625,68852.8984375,70264.7265625,39721722619,72860.19574652778,81708.42987351191,0,1,,
2026-02-09 00:00:00+00:00,70243.328125,71369.96875,68291.03125,70120.78125,52081598792,71915.71397569444,80640.20070684524,0,1,,
2026-02-10 00:00:00+00:00,70137.390625,70464.265625,67913.09375,68793.9609375,40593063077,71006.77126736111,79710.82235863095,0,1,,
2026-02-11 00:00:00+00:00,68791.859375,69242.6796875,65757.3046875,66991.96875,49671946030,69707.12717013889,78644.87034970238,0,1,,
2026-02-12 00:00:00+00:00,66992.1953125,68339.4921875,65092.109375,66221.84375,44651071271,68661.38237847222,77538.17466517857,0,1,,
2026-02-13 00:00:00+00:00,66213.375,69382.8359375,65835.78125,68857.84375,40820775886,68198.95355902778,76555.03031994047,0,1,,
2026-02-14 00:00:00+00:00,68856.984375,70481.1640625,68706.6171875,69767.625,36012397645,68984.01215277778,75633.92987351191,0,1,,
2026-02-15 00:00:00+00:00,69764.953125,70939.2890625,68052.546875,68788.1875,40191152750,68787.65625,74787.07124255953,0,1,,
2026-02-16 00:00:00+00:00,68782.3984375,70067.234375,67301.5859375,68843.15625,33618145426,68738.89930555556,73862.11960565476,0,1,,
2026-02-17 00:00:00+00:00,68843.09375,69201.8671875,66615.28125,67494.21875,34866936040,68431.06510416667,72833.15048363095,0,1,,
2026-02-18 00:00:00+00:00,67488.0234375,68434.4296875,65845.8984375,66425.3203125,33094301643,68020.45833333333,71749.37667410714,0,1,,
2026-02-19 00:00:00+00:00,66425.625,67277.125,65637.4296875,66957.5234375,31492987019,67816.40972222222,70911.08798363095,0,1,,
2026-02-20 00:00:00+00:00,66958.578125,68269.03125,66452.484375,68005.421875,47507867304,67929.015625,70143.31491815476,0,1,,
2026-02-21 00:00:00+00:00,68000.25,68657.703125,67533.0703125,68003.765625,18357635642,68127.00694444444,69637.72674851191,0,1,,
2026-02-22 00:00:00+00:00,67998.828125,68235.2265625,67185.6015625,67659.390625,17893536012,67993.84548611111,69194.15271577382,0,1,,
2026-02-23 00:00:00+00:00,67668.4296875,67668.4296875,63924.4375,64616.73828125,50953457309,67421.52473958333,68524.05617559524,0,1,,
2026-02-24 00:00:00+00:00,64616.015625,64992.15625,62553.1875,64080.04296875,40849331086,66898.39756944444,67973.88932291667,0,1,,
2026-02-25 00:00:00+00:00,64077.76953125,69953.53125,63942.484375,67960.125,53629234355,66800.28298611111,67732.95703125,1,0,67960.125,
2026-02-26 00:00:00+00:00,67982.34375,68751.8359375,67824.671875,68098.921875,55406977024,66867.47222222222,67989.94866071429,1,0,,
